{
  "message": "success",
  "status": "200",
  "products": [
    {
      "id": 1,
      "picture": "https://via.placeholder.com/150.png",
      "stock": 5,
      "name": "iPhone 12 Pro",
      "price": 25000,
      "tags": "蘋果,大螢幕"
    },
    {
      "id": 2,
      "picture": "https://via.placeholder.com/150.png",
      "stock": 5,
      "name": "iPhone 12",
      "price": 15000,
      "tags": "蘋果,小螢幕"
    },
    {
      "id": 3,
      "picture": "https://via.placeholder.com/150.png",
      "stock": 10,
      "name": "iPhone SE",
      "price": 12500,
      "tags": "蘋果,小螢幕"
    },
    {
      "id": 4,
      "picture": "https://via.placeholder.com/150.png",
      "stock": 10,
      "name": "iPhone XS",
      "price": 22000,
      "tags": "蘋果,大螢幕"
    },
    {
      "id": 5,
      "picture": "https://via.placeholder.com/150.png",
      "stock": 6,
      "name": "Google Pixel 5",
      "price": 17000,
      "tags": "安卓,大螢幕"
    },
    {
      "id": 6,
      "picture": "https://via.placeholder.com/150.png",
      "stock": 6,
      "name": "Google Pixel 4",
      "price": 15500,
      "tags": "安卓,小螢幕"
    },
    {
      "id": 7,
      "picture": "https://via.placeholder.com/150.png",
      "stock": 6,
      "name": "紅米",
      "price": 9500,
      "tags": "安卓,一般螢幕"
    },
    {
      "id": 8,
      "picture": "https://via.placeholder.com/150.png",
      "stock": 1,
      "name": "黃米",
      "price": 8800,
      "tags": "安卓,一般螢幕"
    }
  ]
}
